robert_i_davis university_of_york_deramore_lane_york_ukalan_burns university_of_york_deramore_lane_york_ukjose_marinho cisterinesc-tec_isep_porto_portugalvincent_nelis cisterinesc-tec_isep_porto_portugalstefan_m_petters cisterinesc-tec_isep_porto_portugalmarko_bertogna university_of_modena_modena_italy