jian-min_jiang fujian_normal_university_fuzhou_chinahuibiao_zhu east_china_normal_university_shanghai_chinaqin_li east_china_normal_university_shanghai_chinayongxin_zhao east_china_normal_university_shanghai_chinalin_zhao beijing_jiaotong_university_beijing_chinashi_zhang fujian_normal_university_fuzhou_chinaping_gong fujian_normal_university_fuzhou_chinazhong_hong fujian_normal_university_fuzhou_china